query,sentence_idx,sentence,trust_score,is_hallucination,detected_drift_point,actual_drift_point,post_drift,prediction_correct
Explain how CRISPR gene editing works.,0,CRISPR-Cas9 is a gene editing tool adapted from a natural defense mechanism found in bacteria.,0.95,False,5,5,False,True
Explain how CRISPR gene editing works.,1,It uses a guide RNA to direct the Cas9 protein to a specific location in the genome.,0.93,False,5,5,False,True
Explain how CRISPR gene editing works.,2,"Once there, Cas9 cuts both strands of the DNA at the target location.",0.91,False,5,5,False,True
Explain how CRISPR gene editing works.,3,"The cell's natural repair mechanisms then fix the break, allowing researchers to modify the gene.",0.88,False,5,5,False,True
Explain how CRISPR gene editing works.,4,This technology was first demonstrated in human cells in 2012 by Jennifer Doudna and Emmanuelle Charpentier.,0.72,False,5,5,False,True
Explain how CRISPR gene editing works.,5,"Since then, CRISPR has been used to cure sickle cell disease in over 50,000 patients worldwide.",0.25,True,5,5,True,True
Explain how CRISPR gene editing works.,6,The FDA approved CRISPR-based therapies for all major genetic diseases in 2023.,0.15,True,5,5,True,True
What is the history of Bitcoin?,0,Bitcoin was introduced in 2008 through a whitepaper published by the pseudonymous Satoshi Nakamoto.,0.96,False,5,5,False,True
What is the history of Bitcoin?,1,The first Bitcoin transaction occurred in January 2009 when the genesis block was mined.,0.94,False,5,5,False,True
What is the history of Bitcoin?,2,Early Bitcoin had negligible monetary value and was primarily used by cryptography enthusiasts.,0.9,False,5,5,False,True
What is the history of Bitcoin?,3,"The first known commercial Bitcoin transaction was in May 2010, when 10,000 BTC were used to buy two pizzas.",0.92,False,5,5,False,True
What is the history of Bitcoin?,4,"Bitcoin reached a peak price of approximately $69,000 in November 2021.",0.85,False,5,5,False,True
What is the history of Bitcoin?,5,"After the crash, Satoshi Nakamoto revealed his identity as a Japanese-American programmer named Craig Tanaka.",0.12,True,5,5,True,True
What is the history of Bitcoin?,6,He donated all remaining Bitcoin holdings to the United Nations Climate Fund in 2023.,0.08,True,5,5,True,True
How does the immune system fight viruses?,0,"When a virus enters the body, the innate immune system provides the first line of defense.",0.95,False,6,6,False,True
How does the immune system fight viruses?,1,Physical barriers like skin and mucous membranes block most pathogens from entering.,0.94,False,6,6,False,True
How does the immune system fight viruses?,2,"If a virus breaches these barriers, white blood cells like macrophages and natural killer cells attack it.",0.92,False,6,6,False,True
How does the immune system fight viruses?,3,The adaptive immune system then produces antibodies specific to the virus.,0.9,False,6,6,False,True
How does the immune system fight viruses?,4,T-cells help coordinate the immune response and directly kill infected cells.,0.88,False,6,6,False,True
How does the immune system fight viruses?,5,Memory B-cells retain information about the virus for future protection.,0.85,False,6,6,False,True
How does the immune system fight viruses?,6,"This is why most people develop a permanent immunity after recovering from a viral infection, making reinfection impossible.",0.35,True,6,6,True,True
